gene,count,stability,mean_abs_shap,logrank_pvalue,significant
MLPH,100,1.0,0.2796889,0.0249723250508682,True
SFRP1,100,1.0,0.27193877,0.0368693226380968,True
FOXA1,100,1.0,0.2561495,0.5517637477371792,False
NPY1R,100,1.0,0.21885452,0.0256026721509764,True
NAT1,99,0.99,0.12938274,0.283431755152326,False
SLC39A6,99,0.99,0.16328564,0.248160779029468,False
RRM2,96,0.96,0.16705985,,
CEP55,96,0.96,0.15198173,0.2254959585314127,False
AGR3,94,0.94,0.16682382,0.3424725103537949,False
GATA3,88,0.88,0.10310309,0.3600887322694622,False
CYP2B7P,84,0.84,0.11664334,0.5420087921649037,False
CA12,59,0.59,0.07986358,,
AURKA,56,0.56,0.09115342,0.1692506857105713,False
TSLP,43,0.43,0.060583908,,
AGR2,41,0.41,0.03927108,0.3477064845894551,False
MT1M,41,0.41,0.080026425,,
TFF3,39,0.39,0.03673631,,
SOX11,38,0.38,0.05609629,,
NUF2,36,0.36,0.050707147,,
MAMDC2,33,0.33,0.1003518,,
UBE2T,31,0.31,0.038980633,0.0527315285523529,False
CAV1,31,0.31,0.0441329,,
CDC20,27,0.27,0.07341053,,
F3,26,0.26,0.04371372,,
EDNRB,24,0.24,0.051957518,,
FGF2,24,0.24,0.030022603,0.2025047233978098,False
SPRY2,23,0.23,0.055978417,0.0532723542263741,False
DEGS2,22,0.22,0.045453016,,
HOXA5,19,0.19,0.07328058,,
SDC1,19,0.19,0.06557321,,
PPP1R14A,19,0.19,0.031833198,,
IL33,17,0.17,0.026283022,,
NDC80,16,0.16,0.027156945,,
CRYAB,15,0.15,0.027883787,,
CREB3L4,15,0.15,0.05710606,,
KIF18B,13,0.13,0.048194803,,
SCN4B,13,0.13,0.020728873,,
SLC16A6,13,0.13,0.08117899,,
ITM2A,12,0.12,0.032547984,,
SPDEF,11,0.11,0.059536863,,
MT1X,9,0.09,0.014104128,,
ORC6,8,0.08,0.03840397,,
ZNF703,8,0.08,0.04439206,,
DTL,7,0.07,0.029985497,,
TFF1,7,0.07,0.03529739,,
CLGN,7,0.07,0.049296897,,
RGN,7,0.07,0.027978,,
ACKR1,6,0.06,0.015780888,,
SAPCD2,6,0.06,0.054996092,,
PAMR1,6,0.06,0.010845611,,
MIR100HG,6,0.06,0.00986894,,
FAM83D,5,0.05,0.027948262,,
GYPC,5,0.05,0.01224909,,
IGFBP6,4,0.04,0.022587664,,
LARP6,4,0.04,0.059053972,,
VLDLR,4,0.04,0.016748441,,
CORO2B,4,0.04,0.003061183,,
CFB,4,0.04,0.04588118,,
DLGAP5,4,0.04,0.021589702,,
HMGB3,3,0.03,0.011592134,,
TPD52,3,0.03,0.03723224,,
ANLN,3,0.03,0.03261237,,
ASPM,3,0.03,0.010004009,,
CAV2,2,0.02,0.00935829,,
RACGAP1,2,0.02,0.0007917962,,
SYNM,2,0.02,0.028247375,,
S100A7,2,0.02,0.021213891,,
CENPF,2,0.02,0.022838064,,
JAM2,2,0.02,0.0067882673,,
BMPR1B,2,0.02,0.0050019263,,
CD24,2,0.02,0.02733922,,
GINS1,2,0.02,0.023848576,,
CEBPA,2,0.02,0.0048487145,,
MEIS2,2,0.02,0.009347714,,
ADAMTS1,1,0.01,0.0065364093,,
TTK,1,0.01,0.037333086,,
TMEM220,1,0.01,0.00035264605,,
ALDH1L1,1,0.01,0.005159896,,
FOSB,1,0.01,0.00064605253,,
HOXA7,1,0.01,0.001271883,,
PRR15,1,0.01,0.0114941625,,
PDE2A,1,0.01,0.00646096,,
CCNB1,1,0.01,0.034518555,,
TPX2,1,0.01,0.044672318,,
MICU3,1,0.01,0.0063543296,,
SORD,1,0.01,0.019780923,,
PAFAH1B3,1,0.01,0.013614969,,
RBP7,1,0.01,0.016712068,,
CALML5,1,0.01,0.032266144,,
MYBL2,1,0.01,0.012614405,,
PLAGL1,1,0.01,0.008098696,,
EMCN,1,0.01,0.0003676927,,
TSPAN1,1,0.01,0.010487241,,
ESRP1,1,0.01,0.0070733903,,
ATAD2,1,0.01,0.019284075,,
TOP2A,1,0.01,0.008699694,,
PROS1,1,0.01,0.009521691,,
CXCL9,0,0.0,0.013913435,,
FADS3,0,0.0,0.0020737865,,
LRRC15,0,0.0,0.002338512,,
CCDC69,0,0.0,0.0006951866,,
CD248,0,0.0,0.00034000896,,
TRHDE,0,0.0,0.00085125637,,
TBX15,0,0.0,0.0019742658,,
CELF2,0,0.0,0.0,,
GABARAPL1,0,0.0,0.001786161,,
MTCL1,0,0.0,0.0011611556,,
GLYAT,0,0.0,0.0013976682,,
KRT19,0,0.0,0.00020903168,,
PLXNA4,0,0.0,0.012258762,,
AKR1C3,0,0.0,0.0067703705,,
PCDH18,0,0.0,0.00048457857,,
GIMAP6,0,0.0,0.00014836443,,
TRHDE-AS1,0,0.0,0.002625243,,
CACNA2D1,0,0.0,0.0066749733,,
BHMT2,0,0.0,0.0036981793,,
SLC16A7,0,0.0,0.0,,
PAQR4,0,0.0,0.0033070329,,
TNMD,0,0.0,0.00025895628,,
HSPB7,0,0.0,0.00023476848,,
SH3BGRL2,0,0.0,0.008579748,,
PCK1,0,0.0,0.0044290177,,
COL6A6,0,0.0,0.0054648067,,
LPL,0,0.0,0.0009916833,,
KLF4,0,0.0,0.0020925857,,
MFAP2,0,0.0,0.012762569,,
SSPN,0,0.0,0.0012550707,,
MMP9,0,0.0,0.0028653417,,
MME,0,0.0,0.0,,
SLC19A3,0,0.0,0.0007447742,,
GPC3,0,0.0,0.0014224673,,
PYGM,0,0.0,0.0007051397,,
SLC39A4,0,0.0,0.003125428,,
CLMP,0,0.0,0.0007241759,,
LYVE1,0,0.0,0.0010796015,,
RASD1,0,0.0,0.00058633066,,
RHOXF1,0,0.0,0.0018925086,,
MEDAG,0,0.0,0.00081404153,,
RDH5,0,0.0,0.0006788604,,
MRAS,0,0.0,0.00444172,,
AP1M2,0,0.0,0.00057581865,,
NR3C2,0,0.0,0.00062828534,,
EMP1,0,0.0,0.001838449,,
ADHFE1,0,0.0,0.0026662992,,
C14orf180,0,0.0,0.0010854792,,
ADIPOQ,0,0.0,0.0,,
F8,0,0.0,0.00045116103,,
SIK2,0,0.0,0.002490468,,
FHL1,0,0.0,0.0019378405,,
CIDEA,0,0.0,0.0,,
ANGPT1,0,0.0,0.0008076632,,
SCARA5,0,0.0,0.00014234454,,
FGF14-AS2,0,0.0,0.001263863,,
C6,0,0.0,0.0014587889,,
CCDC3,0,0.0,0.00047683166,,
AKR1C1,0,0.0,0.0055181314,,
NNAT,0,0.0,0.0010304339,,
ANGPTL4,0,0.0,0.0005250079,,
ALDH1A1,0,0.0,0.0041466397,,
GHR,0,0.0,0.003068001,,
TWIST2,0,0.0,0.0022391635,,
FAT4,0,0.0,0.0,,
RGCC,0,0.0,0.0009471909,,
FAM149A,0,0.0,0.0014938839,,
MGLL,0,0.0,0.0062596835,,
RSPO3,0,0.0,0.004055981,,
ACADL,0,0.0,0.0015522636,,
CPED1,0,0.0,0.0013789955,,
HCAR3,0,0.0,0.0007200448,,
CFL2,0,0.0,0.0031117485,,
GPR146,0,0.0,0.002461185,,
PPP1R1A,0,0.0,0.00034403964,,
AOX1,0,0.0,0.0010029337,,
COL1A2,0,0.0,0.0,,
PKDCC,0,0.0,0.0015437102,,
GPD1,0,0.0,0.00016618073,,
TNNT1,0,0.0,0.008075856,,
FABP4,0,0.0,0.00012130098,,
POSTN,0,0.0,0.0009593631,,
MYOC,0,0.0,0.012649382,,
DPT,0,0.0,0.00049877074,,
CHRDL1,0,0.0,0.0020465266,,
SRPX,0,0.0,0.0005891549,,
COL10A1,0,0.0,0.0026237057,,
CIDEC,0,0.0,0.00060217775,,
ACSL1,0,0.0,0.041543126,,
MYH1,0,0.0,0.0056818696,,
GPR34,0,0.0,0.000595813,,
PRELP,0,0.0,0.00047231355,,
MTURN,0,0.0,0.0030074632,,
IGSF10,0,0.0,0.006651309,,
LGALS12,0,0.0,0.0018718583,,
APOLD1,0,0.0,0.0032427432,,
ALDOC,0,0.0,0.0073835314,,
COL11A1,0,0.0,0.0015383594,,
C15orf48,0,0.0,0.003099499,,
GYG2,0,0.0,0.0065594446,,
IGSF9,0,0.0,0.010496631,,
ISG15,0,0.0,0.0005907747,,
BGN,0,0.0,0.001323595,,
S100P,0,0.0,0.0010170509,,
MFAP5,0,0.0,0.0010406732,,
STX11,0,0.0,0.002797639,,
EMX2,0,0.0,0.0017673492,,
MMD,0,0.0,0.011172737,,
GPAM,0,0.0,0.0025040826,,
ZEB2,0,0.0,0.0,,
P2RY14,0,0.0,0.0008099172,,
HOTAIR,0,0.0,0.0038643752,,
CHTF18,0,0.0,0.0068338104,,
ACO1,0,0.0,0.0034684865,,
TYMP,0,0.0,0.0003333239,,
PC,0,0.0,0.00243196,,
CPM,0,0.0,0.0055102,,
FERMT2,0,0.0,0.0021348642,,
DAAM2,0,0.0,0.000968076,,
DOCK11,0,0.0,0.0008065634,,
FOLR2,0,0.0,0.0015257724,,
CRYBG3,0,0.0,0.00028026322,,
IFI6,0,0.0,0.020656282,,
FOXO6,0,0.0,0.0025153072,,
COMP,0,0.0,0.00312299,,
XG,0,0.0,0.0006003689,,
IRF7,0,0.0,0.0065908814,,
ACKR4,0,0.0,0.0067965374,,
GJB2,0,0.0,0.006054568,,
RBPMS2,0,0.0,0.0010474768,,
MEST,0,0.0,0.0027844412,,
MRAP,0,0.0,0.014907884,,
AIFM2,0,0.0,0.0044873036,,
PFKFB3,0,0.0,0.0007250518,,
ACSS2,0,0.0,0.0033834695,,
C2CD2,0,0.0,0.010038755,,
FN1,0,0.0,0.0027853856,,
PDE3B,0,0.0,0.003685325,,
CAT,0,0.0,0.0015254308,,
ZNF106,0,0.0,0.0,,
AGPAT2,0,0.0,0.0024836538,,
KLB,0,0.0,0.0033246446,,
VGLL3,0,0.0,0.0,,
SULF1,0,0.0,0.0032058288,,
NAT8L,0,0.0,0.0017653307,,
MAPK10,0,0.0,0.021557719,,
CST6,0,0.0,0.0055061425,,
TMEM170B,0,0.0,0.001696628,,
S100A14,0,0.0,0.0068494957,,
KIFC2,0,0.0,0.0012188372,,
ACVR1C,0,0.0,0.0006735755,,
MRC1,0,0.0,0.001945899,,
HOXC10,0,0.0,0.0035279153,,
ENO2,0,0.0,0.003996067,,
EFEMP1,0,0.0,0.00032040107,,
AADAC,0,0.0,0.00090731506,,
LINC00968,0,0.0,0.0016845188,,
PCDH9,0,0.0,0.00091169676,,
MLXIPL,0,0.0,0.001052678,,
EGLN3,0,0.0,0.013473253,,
RBPMS-AS1,0,0.0,0.0061049303,,
KCNB1,0,0.0,0.0026057188,,
RASGRP1,0,0.0,0.0023337416,,
SLC7A10,0,0.0,0.00079413434,,
PLA2G2A,0,0.0,0.004545508,,
MYZAP,0,0.0,0.0036301885,,
SPP1,0,0.0,0.0063781864,,
ANGPTL2,0,0.0,0.00021099595,,
RUSC1,0,0.0,0.031716604,,
ADAMTS5,0,0.0,0.0019965724,,
IL6,0,0.0,0.00055307715,,
TMTC1,0,0.0,0.005244302,,
DDR2,0,0.0,0.0008134478,,
NPR3,0,0.0,0.005026996,,
PPARG,0,0.0,0.0003996674,,
PYCARD,0,0.0,0.0031705191,,
VIT,0,0.0,0.001219032,,
SGCG,0,0.0,0.00791343,,
DMRT2,0,0.0,0.0033769703,,
ERP27,0,0.0,0.010788592,,
GPX3,0,0.0,0.0004102236,,
ABCD2,0,0.0,0.0014163189,,
TMEM37,0,0.0,0.0023777788,,
MYEOV,0,0.0,0.005956573,,
SBK1,0,0.0,0.0057718353,,
CD36,0,0.0,0.009023423,,
HSD11B1,0,0.0,0.0025084752,,
LLGL2,0,0.0,0.0013395848,,
SPTBN1,0,0.0,0.005516983,,
TUFT1,0,0.0,0.004022709,,
RBP4,0,0.0,0.0010190903,,
CRABP2,0,0.0,0.002403846,,
SIM1,0,0.0,0.0034387624,,
NR3C1,0,0.0,0.0011692246,,
G0S2,0,0.0,0.00403113,,
ALPK3,0,0.0,0.0027117827,,
TLN2,0,0.0,0.014794276,,
SEL1L2,0,0.0,0.0016862578,,
LIPE-AS1,0,0.0,0.0017484188,,
LEP,0,0.0,0.008234388,,
PRKAR2B,0,0.0,0.001692463,,
ALDH2,0,0.0,0.002683342,,
MX1,0,0.0,0.0032842527,,
KLHL31,0,0.0,0.00093220174,,
FAM83H,0,0.0,0.007378961,,
MB,0,0.0,0.005621466,,
NPR1,0,0.0,0.0005800937,,
SGK2,0,0.0,0.0029704638,,
HOGA1,0,0.0,0.006424766,,
CLDN5,0,0.0,0.006509039,,
TMOD1,0,0.0,0.038812235,,
MMP28,0,0.0,0.025679123,,
TMEM132C,0,0.0,0.0011986061,,
TF,0,0.0,0.0066662524,,
ACACB,0,0.0,0.0028706908,,
KPNA2,0,0.0,0.015029491,,
ABCA8,0,0.0,0.0009183546,,
NIPSNAP3B,0,0.0,0.0,,
MMP1,0,0.0,0.010928787,,
CASQ2,0,0.0,0.002168297,,
GNAI1,0,0.0,0.0016412635,,
RNF150,0,0.0,0.00030743738,,
BUB1B,0,0.0,0.0017715626,,
SQLE,0,0.0,0.011587528,,
APOBEC3B,0,0.0,0.004335611,,
PTTG1,0,0.0,0.008759149,,
KIF11,0,0.0,0.000507476,,
LAMA2,0,0.0,0.001802443,,
NMB,0,0.0,0.0044904547,,
DGAT2,0,0.0,0.008920828,,
RETSAT,0,0.0,0.018782578,,
PPP1R14B,0,0.0,0.007583993,,
EZH2,0,0.0,0.0025786106,,
LDHD,0,0.0,0.0042870385,,
APCDD1,0,0.0,0.0031016525,,
CA3,0,0.0,0.015430229,,
RAD51AP1,0,0.0,0.0045389347,,
ITIH5,0,0.0,0.0013866164,,
MAOA,0,0.0,0.0085922135,,
GSTM5,0,0.0,0.0023742337,,
STIL,0,0.0,0.012767995,,
ACSM5,0,0.0,0.009013787,,
ASPA,0,0.0,0.0015325048,,
NDN,0,0.0,0.0012114142,,
MRGPRF,0,0.0,0.01158618,,
RGS2,0,0.0,0.004689358,,
THSD7B,0,0.0,0.002797344,,
GNG11,0,0.0,0.0,,
EHD2,0,0.0,0.003744593,,
TRIM59,0,0.0,0.012144541,,
FZD4,0,0.0,0.0028169428,,
PLSCR4,0,0.0,0.0,,
FBXL16,0,0.0,0.007162748,,
COX7A1,0,0.0,0.0018816662,,
TMEM97,0,0.0,0.011505807,,
GPRC5A,0,0.0,0.0044205384,,
IGF1,0,0.0,0.0019025255,,
INMT,0,0.0,0.0008005957,,
MUC1,0,0.0,0.0007243683,,
LRRN4CL,0,0.0,0.0010204039,,
RECQL4,0,0.0,0.0034346248,,
BMP2,0,0.0,0.010069431,,
CLIP4,0,0.0,0.008667539,,
TK1,0,0.0,0.0037660163,,
SEMA3G,0,0.0,0.005281504,,
ATP1A2,0,0.0,0.0028281265,,
ZG16B,0,0.0,0.016092334,,
GALNT6,0,0.0,0.036091544,,
MCM2,0,0.0,0.003792547,,
S100B,0,0.0,0.0034568193,,
LMNB1,0,0.0,0.003750911,,
KRT18,0,0.0,0.0028605592,,
ZBTB16,0,0.0,0.004487845,,
NMT2,0,0.0,0.0048416723,,
SLC9A3R1,0,0.0,0.011391865,,
CDC7,0,0.0,0.009166644,,
NPNT,0,0.0,0.015770234,,
TSPAN13,0,0.0,0.004602438,,
FANCI,0,0.0,0.009147476,,
DEFB132,0,0.0,0.0067626974,,
PBK,0,0.0,0.001989467,,
PSRC1,0,0.0,0.009143629,,
CKS2,0,0.0,0.0050811428,,
RSPH1,0,0.0,0.011828183,,
STARD10,0,0.0,0.008832626,,
ZWINT,0,0.0,0.02782582,,
CENPM,0,0.0,0.0036143926,,
SMIM22,0,0.0,0.0034368208,,
OGN,0,0.0,0.0055769985,,
DDX39A,0,0.0,0.018986704,,
EPN3,0,0.0,0.011060832,,
PLAC9,0,0.0,0.0009414811,,
SPAG5,0,0.0,0.017677305,,
LINC01140,0,0.0,0.00034052672,,
MFAP4,0,0.0,0.007843297,,
CENPK,0,0.0,0.024286617,,
TYRO3,0,0.0,0.0030089766,,
ANXA1,0,0.0,0.0045529255,,
RMI2,0,0.0,0.0006392233,,
LAMP3,0,0.0,0.0013541859,,
TJP3,0,0.0,0.0073237265,,
UHRF1,0,0.0,0.0046168272,,
DNAJC12,0,0.0,0.018465538,,
SLC7A5,0,0.0,0.02093777,,
TOX3,0,0.0,0.004012591,,
TCEAL7,0,0.0,0.0054959906,,
C1QTNF7,0,0.0,0.0059238686,,
GPIHBP1,0,0.0,0.007799228,,
RAB26,0,0.0,0.0029428778,,
MARCO,0,0.0,0.011492166,,
ZCCHC24,0,0.0,0.0025676014,,
PKIB,0,0.0,0.002155301,,
ITGA7,0,0.0,0.011223129,,
FGFBP2,0,0.0,0.0039503574,,
SLC52A2,0,0.0,0.0041491184,,
CFD,0,0.0,0.0057787946,,
TLCD1,0,0.0,0.0046078037,,
PLIN4,0,0.0,0.002118542,,
SLITRK6,0,0.0,0.010111174,,
DCN,0,0.0,0.0,,
LRRN3,0,0.0,0.0012115914,,
ARNT2,0,0.0,0.0047881105,,
EPB41L2,0,0.0,0.0,,
ADH1B,0,0.0,0.0,,
MYOM1,0,0.0,0.0032258225,,
MEOX1,0,0.0,0.004631561,,
GALNT15,0,0.0,0.00020605186,,
NRN1,0,0.0,0.00093953294,,
FBLN5,0,0.0,0.00063458935,,
ECM2,0,0.0,0.008088945,,
ADH1C,0,0.0,0.0046079867,,
SLC12A8,0,0.0,0.0053478,,
CXCL12,0,0.0,0.0017579753,,
RHOQ,0,0.0,0.028392866,,
FOS,0,0.0,0.0041306904,,
GDF10,0,0.0,5.4601478e-05,,
PGM5-AS1,0,0.0,0.0012035422,,
SLC29A4,0,0.0,0.0070555587,,
NCAPG,0,0.0,0.017095689,,
CHL1,0,0.0,0.0020920914,,
ZFP36,0,0.0,0.004974536,,
HBB,0,0.0,0.007930586,,
PTPRM,0,0.0,0.0030328624,,
RGL1,0,0.0,0.008143867,,
HLF,0,0.0,0.018708505,,
CDKN1C,0,0.0,0.009155387,,
BMPER,0,0.0,0.0054508466,,
CA4,0,0.0,0.0025208176,,
FOXO1,0,0.0,0.0015165798,,
PALMD,0,0.0,0.013136216,,
CCDC80,0,0.0,0.0040617255,,
DTX1,0,0.0,0.0038275742,,
ENPP2,0,0.0,0.000554243,,
CKMT2,0,0.0,0.0075536226,,
BIN1,0,0.0,0.010432132,,
TGFBR3,0,0.0,0.005606134,,
MSRB3,0,0.0,0.0,,
MELK,0,0.0,0.0024916658,,
MEOX2,0,0.0,0.005914063,,
WASF3,0,0.0,0.006194422,,
SPX,0,0.0,0.0029758061,,
EBF1,0,0.0,0.00045416184,,
MCAM,0,0.0,0.0012984895,,
THRSP,0,0.0,0.016359132,,
SORBS1,0,0.0,0.0,,
MAP1LC3C,0,0.0,0.0063856062,,
CDH5,0,0.0,0.0029907585,,
KIF23,0,0.0,0.008850617,,
EGFLAM,0,0.0,0.004748359,,
ANGPTL1,0,0.0,0.0008942551,,
FAM13A,0,0.0,0.0039870837,,
P2RY12,0,0.0,0.009035586,,
CCDC178,0,0.0,0.0018302252,,
AOC3,0,0.0,0.0005306231,,
CNRIP1,0,0.0,0.0,,
LIPE,0,0.0,0.00079405174,,
KIF4A,0,0.0,0.0009653514,,
FMO2,0,0.0,0.0071032136,,
LSR,0,0.0,0.010291425,,
CREB5,0,0.0,0.00067388004,,
ME1,0,0.0,0.0078314915,,
KIF20A,0,0.0,0.006011642,,
PCOLCE2,0,0.0,0.0007671094,,
S1PR1,0,0.0,0.0031490524,,
ROGDI,0,0.0,0.0025628544,,
ARHGAP20,0,0.0,0.0009245966,,
MOCS1,0,0.0,0.0038134619,,
CDCA3,0,0.0,0.013529782,,
CDO1,0,0.0,0.0014912365,,
KL,0,0.0,0.0021495684,,
AKAP12,0,0.0,0.008359326,,
TRIP13,0,0.0,0.007836612,,
CEACAM6,0,0.0,0.005158602,,
TNS1,0,0.0,0.0,,
CALB2,0,0.0,0.0005972031,,
KANK3,0,0.0,0.0013072012,,
PCSK5,0,0.0,0.0015687252,,
MBNL1-AS1,0,0.0,0.00045851138,,
SCD,0,0.0,0.008101873,,
TIMP4,0,0.0,0.0055415817,,
FOXM1,0,0.0,0.01851392,,
PLIN1,0,0.0,0.0016096412,,
ABCA6,0,0.0,0.00023517739,,
CXCL10,0,0.0,0.009444104,,
BIK,0,0.0,0.0022308864,,
SLIT3,0,0.0,0.00019685033,,
MAGI2-AS3,0,0.0,0.0025724326,,
PDK4,0,0.0,0.0017962038,,
FAM162B,0,0.0,0.0007740462,,
SYNPO2,0,0.0,0.011822574,,
SH3D19,0,0.0,0.002049261,,
KRT8,0,0.0,0.010777756,,
TMEM100,0,0.0,0.0053900103,,
ADRB2,0,0.0,0.0050458573,,
TXNIP,0,0.0,0.0006358676,,
EGR1,0,0.0,0.0020407727,,
EBF3,0,0.0,0.0014966588,,
UBE2C,0,0.0,0.0041802586,,
ANO3,0,0.0,0.002094446,,
