gene,multitask_importance,multitask_rank
TFF1,0.00046715667,1
MYZAP,0.0004616686,2
MARCO,0.00046077446,3
MAMDC2,0.00045112052,4
ADH1C,0.00044779375,5
SLC39A6,0.00043323284,6
TMOD1,0.00043150355,7
CA3,0.0004284563,8
RHOQ,0.00042658177,9
NDC80,0.00042509247,10
SFRP1,0.0004211746,11
HLF,0.00041762704,12
CD24,0.00040781943,13
PAMR1,0.00040648374,14
RUSC1,0.00040105864,15
EZH2,0.0003964036,16
GJB2,0.0003776275,17
MYBL2,0.00037729676,18
FADS3,0.0003725228,19
F3,0.0003649694,20
NPNT,0.0003642891,21
TXNIP,0.00036195767,22
CLGN,0.00035435858,23
SLC19A3,0.00035413547,24
TMEM97,0.00035391477,25
SLC39A4,0.00035310708,26
AGR3,0.00035286587,27
NAT1,0.0003522929,28
SGK2,0.00035198152,29
SYNM,0.00035168676,30
SEL1L2,0.0003482027,31
PCDH9,0.000344834,32
GPIHBP1,0.00034203805,33
LSR,0.00033976272,34
ORC6,0.00033875727,35
CREB3L4,0.000337195,36
RGN,0.00033571248,37
ZNF703,0.0003356034,38
TSLP,0.00033523067,39
TPX2,0.00033519327,40
MRGPRF,0.00032960778,41
MMP28,0.00032646654,42
ERP27,0.0003214133,43
PLXNA4,0.0003181792,44
MMD,0.0003147709,45
PALMD,0.00030834303,46
KIF18B,0.00030458535,47
MT1X,0.000303979,48
CHTF18,0.00030390776,49
SYNPO2,0.00030340426,50
AGPAT2,0.00029988665,51
SPAG5,0.0002998225,52
DGAT2,0.0002997671,53
SGCG,0.00029931113,54
TLN2,0.0002984208,55
CST6,0.00029832975,56
SCARA5,0.00029832846,57
FAM13A,0.00029770212,58
RDH5,0.00029520591,59
KRT18,0.0002930885,60
SORD,0.0002926188,61
KCNB1,0.00029079377,62
STARD10,0.00028997846,63
TNNT1,0.00028784014,64
ATAD2,0.00028696808,65
SOX11,0.00028459635,66
CLIP4,0.0002845359,67
MELK,0.0002842872,68
FAM83D,0.0002839273,69
CRYAB,0.00028155223,70
AADAC,0.00028102178,71
SLITRK6,0.0002796118,72
GYG2,0.0002789277,73
CYP2B7P,0.00027694943,74
GINS1,0.00027542457,75
MRAS,0.00027531578,76
PDE2A,0.00027435817,77
ADHFE1,0.00027376637,78
VIT,0.00027357088,79
LDHD,0.00027319006,80
MEOX2,0.0002717072,81
KRT8,0.0002709523,82
VLDLR,0.00026893892,83
ADAMTS5,0.00026874247,84
PYCARD,0.0002668105,85
GPC3,0.0002661042,86
MUC1,0.00026372177,87
SPX,0.00026364476,88
TFF3,0.0002619179,89
SULF1,0.00026132094,90
ARHGAP20,0.00026094113,91
TK1,0.0002606764,92
KIFC2,0.0002602312,93
MB,0.0002588437,94
GPR146,0.00025837496,95
MFAP2,0.00025798118,96
TCEAL7,0.00025781948,97
ASPM,0.00025745988,98
CA12,0.00025704078,99
MRAP,0.00025650678,100
RRM2,0.00025644948,101
DDX39A,0.0002559037,102
MLXIPL,0.00025539813,103
CENPK,0.0002539238,104
TGFBR3,0.00025199668,105
MMP1,0.00025057315,106
ZBTB16,0.00024676963,107
AURKA,0.00024516217,108
AP1M2,0.00024458623,109
RGS2,0.00024457526,110
EBF3,0.0002442696,111
TTK,0.00024416487,112
UHRF1,0.00024235327,113
MTURN,0.00024224404,114
MAOA,0.0002420026,115
ABCD2,0.0002414743,116
SEMA3G,0.00024084932,117
THSD7B,0.00024002221,118
SLC7A5,0.00024000778,119
ACSL1,0.00023982118,120
IGFBP6,0.00023981683,121
MGLL,0.00023867397,122
LIPE,0.00023834656,123
OGN,0.00023829359,124
AKAP12,0.00023814742,125
HBB,0.00023813188,126
PKDCC,0.00023745836,127
HMGB3,0.00023711755,128
DLGAP5,0.0002370748,129
CEBPA,0.00023587806,130
GDF10,0.00023518922,131
ME1,0.00023311547,132
C6,0.0002329755,133
FGF2,0.00023251149,134
DMRT2,0.00023183577,135
APOBEC3B,0.0002315629,136
ALDOC,0.00023001696,137
CEACAM6,0.00022985203,138
PLA2G2A,0.00022878917,139
ACACB,0.00022854208,140
CDC7,0.00022816156,141
GATA3,0.00022774836,142
TSPAN1,0.00022726404,143
LINC01140,0.00022694521,144
STIL,0.00022692152,145
FMO2,0.00022656357,146
RASD1,0.00022589232,147
MIR100HG,0.00022587011,148
ASPA,0.00022510202,149
SH3BGRL2,0.00022432054,150
EMX2,0.00022407509,151
NPY1R,0.00022368196,152
COL6A6,0.00022227174,153
ACSM5,0.0002222299,154
SLC7A10,0.00022087732,155
THRSP,0.00022025648,156
SLC12A8,0.0002199323,157
MBNL1-AS1,0.00021962955,158
FERMT2,0.00021961101,159
PPP1R14A,0.00021938654,160
TYMP,0.00021933237,161
C15orf48,0.00021916292,162
CAV1,0.00021908285,163
SPP1,0.00021890223,164
EPN3,0.00021863179,165
FAM149A,0.00021708633,166
SCN4B,0.00021695597,167
RHOXF1,0.00021673836,168
KIF4A,0.00021604016,169
CASQ2,0.00021538604,170
PLIN1,0.00021496197,171
BMPER,0.00021438605,172
FAT4,0.00021399726,173
EPB41L2,0.00021343707,174
ATP1A2,0.00021331778,175
SDC1,0.00021245657,176
LINC00968,0.00021243058,177
SORBS1,0.00021227238,178
CA4,0.0002116573,179
FOXO1,0.00021130599,180
FAM162B,0.00021130372,181
RSPH1,0.00021092492,182
UBE2C,0.00020945002,183
FGF14-AS2,0.00020925468,184
TUFT1,0.00020606563,185
MAP1LC3C,0.00020542451,186
CEP55,0.00020418114,187
DTX1,0.00020406758,188
GSTM5,0.00020270074,189
LAMA2,0.00020115532,190
C2CD2,0.00020054575,191
EFEMP1,0.00020035054,192
GPRC5A,0.00020013201,193
CENPM,0.00019988183,194
ALDH2,0.00019985589,195
RETSAT,0.00019967298,196
RAB26,0.00019930361,197
TRIP13,0.00019875291,198
FOSB,0.0001981609,199
LLGL2,0.00019718471,200
CDCA3,0.00019670538,201
SLC16A6,0.00019652671,202
PLIN4,0.00019601344,203
PFKFB3,0.00019507168,204
RASGRP1,0.00019303213,205
CALML5,0.00019302312,206
FAM83H,0.00019266047,207
MYH1,0.0001924085,208
DOCK11,0.00019230759,209
GPX3,0.00019203869,210
SCD,0.00019194109,211
SLIT3,0.00019188052,212
CACNA2D1,0.00019127656,213
ABCA6,0.00019070192,214
RBP7,0.00019063856,215
MX1,0.00019031984,216
KLHL31,0.00018978289,217
ZWINT,0.0001896517,218
KL,0.00018943068,219
TIMP4,0.00018862526,220
MYOC,0.00018839279,221
S100A7,0.00018728904,222
DAAM2,0.00018703403,223
PKIB,0.00018700978,224
GALNT6,0.00018699214,225
NMT2,0.00018636537,226
LYVE1,0.00018615714,227
C14orf180,0.00018609202,228
TJP3,0.00018555623,229
CDC20,0.00018543846,230
ARNT2,0.00018533127,231
ADRB2,0.00018511682,232
CXCL9,0.00018462069,233
PPP1R1A,0.00018431796,234
CNRIP1,0.00018404752,235
DEGS2,0.0001840416,236
RBPMS2,0.00018307375,237
NAT8L,0.00018222282,238
EMP1,0.00018167874,239
ALPK3,0.00018121378,240
IGSF10,0.00018062656,241
ANXA1,0.00018032463,242
AKR1C3,0.00017975103,243
PC,0.00017858988,244
PCOLCE2,0.00017819586,245
P2RY14,0.00017787032,246
TRIM59,0.00017720285,247
ITM2A,0.00017705384,248
MEIS2,0.00017695152,249
BUB1B,0.00017561832,250
TYRO3,0.00017526258,251
SPDEF,0.00017453625,252
P2RY12,0.00017410029,253
ACSS2,0.00017328197,254
IFI6,0.00017319187,255
CAV2,0.00017317635,256
ADIPOQ,0.00017306702,257
PDE3B,0.00017230544,258
PCSK5,0.00017197728,259
ACO1,0.00017094747,260
CXCL12,0.00017037887,261
HOXA5,0.00016940106,262
KPNA2,0.00016934454,263
GNAI1,0.00016912505,264
ANO3,0.0001681399,265
TBX15,0.00016721462,266
COL10A1,0.0001670928,267
AGR2,0.00016657714,268
NUF2,0.00016536673,269
NMB,0.00016469382,270
RGL1,0.00016349138,271
TPD52,0.00016290385,272
FBXL16,0.00016161823,273
PCK1,0.00016151751,274
ADAMTS1,0.00016097071,275
ANGPTL1,0.000160175,276
PRR15,0.00015983715,277
TOP2A,0.00015975116,278
PROS1,0.00015970302,279
MAGI2-AS3,0.00015889351,280
EGLN3,0.00015789337,281
SH3D19,0.00015773322,282
IGF1,0.00015767441,283
CALB2,0.00015762428,284
RBP4,0.00015725539,285
RMI2,0.00015682848,286
NR3C1,0.00015650231,287
IRF7,0.00015506543,288
BMPR1B,0.00015478801,289
SBK1,0.0001546623,290
ZCCHC24,0.00015459354,291
KLF4,0.00015398533,292
TMTC1,0.00015210029,293
CD36,0.00015158311,294
NRN1,0.00015122427,295
TSPAN13,0.0001505528,296
RBPMS-AS1,0.00014993707,297
ACKR4,0.00014933152,298
WASF3,0.00014927807,299
CDH5,0.00014839183,300
CLDN5,0.00014838134,301
ANGPTL4,0.00014833774,302
TOX3,0.00014809449,303
FOXM1,0.00014772154,304
MYEOV,0.0001476784,305
LIPE-AS1,0.00014692647,306
IGSF9,0.00014685554,307
ROGDI,0.00014653757,308
FZD4,0.00014643768,309
LPL,0.00014591406,310
ABCA8,0.00014584382,311
MME,0.00014550962,312
NIPSNAP3B,0.00014521979,313
DNAJC12,0.00014488632,314
RSPO3,0.00014471018,315
BHMT2,0.00014403759,316
MFAP5,0.0001440306,317
GPR34,0.00014401865,318
MAPK10,0.00014395699,319
CPED1,0.00014326007,320
ADH1B,0.00014290752,321
SMIM22,0.00014272961,322
RAD51AP1,0.0001417454,323
CORO2B,0.00014119539,324
MLPH,0.00014116966,325
CELF2,0.00014061299,326
EGR1,0.0001398659,327
ENO2,0.0001386415,328
HOGA1,0.00013822356,329
PSRC1,0.00013822327,330
TMEM37,0.00013752951,331
TMEM132C,0.00013752645,332
HOTAIR,0.00013743655,333
ZG16B,0.000137355,334
S100B,0.0001372518,335
SLC52A2,0.00013714761,336
NPR3,0.00013700857,337
GNG11,0.00013700764,338
PYGM,0.00013686273,339
SLC29A4,0.0001367793,340
ANLN,0.00013674845,341
TLCD1,0.00013582775,342
ALDH1L1,0.00013488415,343
XG,0.00013458359,344
MEST,0.00013406274,345
PGM5-AS1,0.00013384549,346
FHL1,0.0001337124,347
FGFBP2,0.00013354848,348
PCDH18,0.00013339179,349
INMT,0.00013223733,350
SIK2,0.00013126513,351
CFB,0.00013121855,352
KANK3,0.0001305099,353
ITIH5,0.00013032013,354
CCNB1,0.00013024383,355
KIF23,0.0001299861,356
CHRDL1,0.00012955065,357
CD248,0.0001288447,358
ESRP1,0.00012742614,359
ECM2,0.00012720116,360
TRHDE-AS1,0.0001269363,361
PDK4,0.00012678244,362
ANGPT1,0.00012602718,363
LAMP3,0.00012551183,364
MRC1,0.00012510856,365
RNF150,0.00012480679,366
KIF20A,0.0001246358,367
SAPCD2,0.0001245796,368
NR3C2,0.00012423305,369
CDKN1C,0.00012390164,370
S1PR1,0.00012352166,371
MOCS1,0.00012326904,372
F8,0.00012307658,373
MMP9,0.00012286738,374
SRPX,0.00012283999,375
CFD,0.00012252523,376
DTL,0.00012214773,377
CRABP2,0.00012210237,378
S100P,0.000121925725,379
FOXA1,0.00012179638,380
LARP6,0.00012161895,381
DEFB132,0.000121216675,382
COX7A1,0.000121157565,383
CHL1,0.00012098195,384
HOXC10,0.000120857774,385
ITGA7,0.00012077409,386
MYOM1,0.00012064843,387
MT1M,0.0001189603,388
DPT,0.000118511554,389
GPAM,0.00011825801,390
RACGAP1,0.00011789414,391
PTPRM,0.000117720156,392
SPTBN1,0.00011755373,393
VGLL3,0.00011720945,394
ACKR1,0.00011719948,395
UBE2T,0.00011688255,396
EBF1,0.00011672604,397
MICU3,0.00011666785,398
SPRY2,0.000115989445,399
ISG15,0.00011559559,400
EDNRB,0.00011556305,401
C1QTNF7,0.00011546621,402
SLC9A3R1,0.000114691014,403
LGALS12,0.00011361684,404
PAFAH1B3,0.00011253258,405
APCDD1,0.000112296,406
SLC16A7,0.00011193931,407
FOS,0.00011146829,408
PLAC9,0.000111328794,409
FN1,0.00010979305,410
CPM,0.000109405344,411
PPP1R14B,0.00010875076,412
TNS1,0.000108681175,413
POSTN,0.00010825595,414
CLMP,0.00010802406,415
NDN,0.00010676641,416
TMEM220,0.00010675829,417
CXCL10,0.00010638204,418
PBK,0.00010611029,419
EMCN,0.00010600797,420
LRRC15,0.00010599178,421
GIMAP6,0.000105915526,422
AOX1,0.00010530348,423
COL1A2,0.00010442499,424
SQLE,0.000103238766,425
PLAGL1,0.00010272085,426
ENPP2,0.000102417354,427
BMP2,0.00010223735,428
GPD1,9.926029e-05,429
CKMT2,9.8867305e-05,430
HSPB7,9.8754674e-05,431
LRRN3,9.790142e-05,432
FOLR2,9.7359625e-05,433
FANCI,9.732339e-05,434
IL6,9.7209406e-05,435
CRYBG3,9.716652e-05,436
CCDC3,9.708316e-05,437
COMP,9.672966e-05,438
IL33,9.63371e-05,439
G0S2,9.604763e-05,440
AOC3,9.603925e-05,441
CCDC80,9.571117e-05,442
SIM1,9.5642536e-05,443
KLB,9.5228825e-05,444
S100A14,9.515695e-05,445
HOXA7,9.458184e-05,446
ACVR1C,9.428828e-05,447
AIFM2,9.3459785e-05,448
SSPN,9.297158e-05,449
BGN,9.2887254e-05,450
ZNF106,9.2377115e-05,451
TMEM170B,9.172032e-05,452
PTTG1,9.170555e-05,453
TWIST2,9.166123e-05,454
ACADL,9.149016e-05,455
TNMD,9.1453716e-05,456
TMEM100,9.1432266e-05,457
DDR2,9.0748086e-05,458
MCM2,9.0705966e-05,459
MEDAG,9.0431015e-05,460
GHR,9.007056e-05,461
ANGPTL2,8.974877e-05,462
EHD2,8.96742e-05,463
PLSCR4,8.952553e-05,464
BIN1,8.950104e-05,465
LMNB1,8.909671e-05,466
MTCL1,8.882037e-05,467
APOLD1,8.8547255e-05,468
LRRN4CL,8.831032e-05,469
CAT,8.8221685e-05,470
CCDC178,8.7969485e-05,471
MSRB3,8.756722e-05,472
HCAR3,8.7429566e-05,473
STX11,8.668556e-05,474
CENPF,8.586786e-05,475
GABARAPL1,8.523598e-05,476
PRELP,8.485998e-05,477
PRKAR2B,8.417326e-05,478
FBLN5,8.374889e-05,479
FOXO6,8.291672e-05,480
DCN,8.281001e-05,481
ALDH1A1,8.182947e-05,482
MFAP4,8.108209e-05,483
FABP4,8.075206e-05,484
CREB5,7.990064e-05,485
LEP,7.967832e-05,486
KIF11,7.948585e-05,487
EGFLAM,7.884112e-05,488
CKS2,7.876655e-05,489
BIK,7.872628e-05,490
CFL2,7.7911434e-05,491
CIDEA,7.759164e-05,492
NPR1,7.707064e-05,493
ZFP36,7.6346114e-05,494
CCDC69,7.613528e-05,495
PPARG,7.5428165e-05,496
NNAT,7.492568e-05,497
PAQR4,7.38928e-05,498
NCAPG,7.31986e-05,499
RECQL4,7.285064e-05,500
GYPC,7.121264e-05,501
JAM2,6.964813e-05,502
MEOX1,6.759021e-05,503
COL11A1,6.720214e-05,504
TRHDE,6.71462e-05,505
GALNT15,6.560345e-05,506
MCAM,6.5056054e-05,507
CDO1,6.488628e-05,508
AKR1C1,6.435469e-05,509
TF,6.138004e-05,510
GLYAT,5.9130205e-05,511
HSD11B1,5.629494e-05,512
RGCC,5.46003e-05,513
ZEB2,5.445025e-05,514
KRT19,4.876986e-05,515
CIDEC,4.6469122e-05,516
