gene,tabnet_importance,tabnet_rank,mean_abs_shap,shap_rank
PLAC9,0.0755538037609215,1,0.0009414811,418
FABP4,0.06839478108311225,2,0.00012130098,495
MAGI2-AS3,0.06190332783908468,3,0.0025724326,314
ABCA6,0.06115867592264357,4,0.00023517739,486
CEP55,0.058458457009577566,5,0.15198173,8
TOP2A,0.05117198992924271,6,0.008699694,147
G0S2,0.045433905087064574,7,0.00403113,251
CCNB1,0.03555821829287578,8,0.034518555,47
MYBL2,0.0355033007295411,9,0.012614405,103
CPED1,0.03272785276377008,10,0.0013789955,386
CDC20,0.03038110890659973,11,0.07341053,17
KIF20A,0.022976698357448047,12,0.006011642,195
TMEM132C,0.021655159432528135,13,0.0011986061,400
BMP2,0.020477765944290353,14,0.010069431,128
RAB26,0.019628862766229868,15,0.0029428778,297
UBE2C,0.01949750513570567,16,0.0041802586,245
ZNF703,0.018565672727166808,17,0.04439206,34
COL10A1,0.018005235869018688,18,0.0026237057,311
NAT1,0.014649656682811991,19,0.12938274,9
PRR15,0.01295654497565302,20,0.0114941625,113
TSPAN13,0.012897515514387038,21,0.004602438,233
PROS1,0.012313256993694408,22,0.009521691,132
C14orf180,0.012048075924667537,23,0.0010854792,403
CENPF,0.01159156168248128,24,0.022838064,67
CCDC80,0.010917418402657279,25,0.0040617255,249
CXCL10,0.010009504225873767,26,0.009444104,133
IGF1,0.009301542828130758,27,0.0019025255,350
BGN,0.008650291782244812,28,0.001323595,389
MGLL,0.008191838632825802,29,0.0062596835,191
ITGA7,0.007825146268726527,30,0.011223129,116
S1PR1,0.007818679144835732,31,0.0031490524,283
ADH1B,0.006754858823597069,32,0.0,511
SLC29A4,0.006709537146593909,33,0.0070555587,172
MFAP2,0.006457366862066816,34,0.012762569,101
ANLN,0.006345024100481101,35,0.03261237,48
COL1A2,0.006126349327554083,36,0.0,502
COL11A1,0.006057849929279554,37,0.0015383594,373
KIF4A,0.005589396511442473,38,0.0009653514,415
KIF23,0.005144658963831597,39,0.008850617,144
MEOX1,0.005059895995685375,40,0.004631561,229
GHR,0.004884944894563952,41,0.003068001,289
CXCL9,0.004514548832297355,42,0.013913435,95
CA3,0.004457181929388825,43,0.015430229,90
OGN,0.004270884383455988,44,0.0055769985,204
SLIT3,0.004247707198496306,45,0.00019685033,491
STX11,0.0041229458661275805,46,0.002797639,303
LMNB1,0.0038768333594864333,47,0.003750911,262
SAPCD2,0.0038414314175022717,48,0.054996092,26
CNRIP1,0.003608125092741424,49,0.0,513
FGFBP2,0.0035150830167043376,50,0.0039503574,256
HOXA7,0.003437980956081872,51,0.001271883,392
SMIM22,0.00328544510156478,52,0.0034368208,272
SDC1,0.003229317745136622,53,0.06557321,19
CKMT2,0.003138378419538206,54,0.0075536226,165
ASPA,0.0030947423741030915,55,0.0015325048,374
MMP9,0.0029301077059745713,56,0.0028653417,299
LDHD,0.0027600199093037515,57,0.0042870385,244
NRN1,0.0025831397575176067,58,0.00093953294,419
PDK4,0.0025570512261238578,59,0.0017962038,357
ANGPTL1,0.002286981341463673,60,0.0008942551,425
MAPK10,0.002166106779255339,61,0.021557719,70
ABCA8,0.002086615741872612,62,0.0009183546,422
ACVR1C,0.0019938418919793277,63,0.0006735755,447
CAV1,0.0019544017588581245,64,0.0441329,35
CD248,0.0019477660945244446,65,0.00034000896,480
RRM2,0.001914749205338537,66,0.16705985,5
MMP28,0.001728504502579755,67,0.025679123,64
UBE2T,0.0016896215438487313,68,0.038980633,39
COL6A6,0.0016187544109106918,69,0.0054648067,211
C2CD2,0.0015131526186695694,70,0.010038755,129
TRHDE-AS1,0.001508458656538631,71,0.002625243,310
TMEM97,0.001449508050212186,72,0.011505807,112
RECQL4,0.0012953840102062708,73,0.0034346248,273
GYPC,0.0011721446669206367,74,0.01224909,105
MFAP5,0.0011672528759276337,75,0.0010406732,407
FAM83D,0.0010013113762385895,76,0.027948262,58
EMP1,0.0009674600818650493,77,0.001838449,354
CCDC3,0.0008932148300499023,78,0.00047683166,469
FANCI,0.0008020779188205106,79,0.009147476,138
LRRC15,0.0007775177598765294,80,0.002338512,329
BIN1,0.0007288498368413763,81,0.010432132,125
AGR3,0.0005943013040612733,82,0.16682382,6
TFF3,0.0005722398707614906,83,0.03673631,44
KRT18,0.0005443124901635693,84,0.0028605592,300
FAM83H,0.0005439767334548915,85,0.007378961,167
APOLD1,0.00047901661256217375,86,0.0032427432,279
TRIP13,0.00047158330306335466,87,0.007836612,161
AKR1C1,0.00043155013766712786,88,0.0055181314,206
NUF2,0.00042155851868386955,89,0.050707147,28
FHL1,0.0004148308294990367,90,0.0019378405,349
RGS2,0.0004121528784442463,91,0.004689358,228
EHD2,0.00038647219425361066,92,0.003744593,263
GPR34,0.00034842417293421763,93,0.000595813,456
LRRN4CL,0.00033014582083603565,94,0.0010204039,409
CIDEA,0.00028423015423268647,95,0.0,507
LAMP3,0.0002785172539191116,96,0.0013541859,387
MELK,0.0002637058745573697,97,0.0024916658,321
PLSCR4,0.00021505815013530194,98,0.0,509
VGLL3,0.00020038599475421913,99,0.0,500
TNS1,0.00018418600205618194,100,0.0,512
ZG16B,0.00016700444411871219,101,0.016092334,87
KRT8,0.00010570479159290238,102,0.010777756,122
ARHGAP20,9.772740136471132e-05,103,0.0009245966,421
ADH1C,9.620725504346718e-05,104,0.0046079867,231
BIK,8.023085934649615e-05,105,0.0022308864,332
C6,7.764509967449833e-05,106,0.0014587889,381
MTCL1,7.487072653432847e-05,107,0.0011611556,402
KL,7.09482041801386e-05,108,0.0021495684,335
AOC3,6.914581962241274e-05,109,0.0005306231,464
SH3D19,6.221568088487313e-05,110,0.002049261,342
NR3C1,4.512762984101148e-05,111,0.0011692246,401
MRAS,4.4661153981611334e-05,112,0.00444172,240
CLDN5,3.98862557072344e-05,113,0.006509039,185
AADAC,3.227295261411507e-05,114,0.00090731506,424
CRYAB,1.559034561686801e-05,115,0.027883787,59
GDF10,1.4960857118290362e-05,116,5.4601478e-05,496
DGAT2,1.0495725684781779e-05,117,0.008920828,143
COX7A1,1.0273650504949807e-05,118,0.0018816662,352
MMP1,5.570929164492825e-06,119,0.010928787,119
ACKR4,4.492764841815424e-06,120,0.0067965374,175
TIMP4,3.6884178745085306e-06,121,0.0055415817,205
CD36,3.435125553164152e-06,122,0.009023423,141
INMT,1.5006151906657587e-06,123,0.0008005957,432
RBP7,1.2800788422849043e-06,124,0.016712068,85
HOGA1,5.772822374306546e-07,125,0.006424766,187
SLC7A5,2.2157449573662422e-10,126,0.02093777,72
SH3BGRL2,0.0,127,0.008579748,150
TNMD,0.0,128,0.00025895628,485
SGK2,0.0,129,0.0029704638,296
S100A7,0.0,130,0.021213891,71
KLF4,0.0,131,0.0020925857,339
SIK2,0.0,132,0.002490468,322
PAQR4,0.0,133,0.0033070329,277
SLC19A3,0.0,134,0.0007447742,438
F8,0.0,135,0.00045116103,473
ADIPOQ,0.0,136,0.0,506
GLYAT,0.0,137,0.0013976682,384
ANGPT1,0.0,138,0.0008076632,430
SCARA5,0.0,139,0.00014234454,494
SSPN,0.0,140,0.0012550707,394
LYVE1,0.0,141,0.0010796015,404
FGF14-AS2,0.0,142,0.001263863,393
NNAT,0.0,143,0.0010304339,408
ANGPTL4,0.0,144,0.0005250079,465
ALDH1A1,0.0,145,0.0041466397,247
IL6,0.0,146,0.00055307715,463
MB,0.0,147,0.005621466,202
FAM149A,0.0,148,0.0014938839,379
TWIST2,0.0,149,0.0022391635,331
CD24,0.0,150,0.02733922,61
RGCC,0.0,151,0.0009471909,417
HSPB7,0.0,152,0.00023476848,487
FAT4,0.0,153,0.0,501
PYGM,0.0,154,0.0007051397,443
TBX15,0.0,155,0.0019742658,347
ADHFE1,0.0,156,0.0026662992,309
CIDEC,0.0,157,0.00060217775,453
MYH1,0.0,158,0.0056818696,201
NR3C2,0.0,159,0.00062828534,452
CFL2,0.0,160,0.0031117485,286
ACSL1,0.0,161,0.041543126,37
GJB2,0.0,162,0.006054568,194
GPR146,0.0,163,0.002461185,324
SRPX,0.0,164,0.0005891549,458
PRELP,0.0,165,0.00047231355,470
MYOC,0.0,166,0.012649382,102
PPP1R1A,0.0,167,0.00034403964,478
AOX1,0.0,168,0.0010029337,412
HCAR3,0.0,169,0.0007200448,442
GPD1,0.0,170,0.00016618073,492
POSTN,0.0,171,0.0009593631,416
AP1M2,0.0,172,0.00057581865,461
RDH5,0.0,173,0.0006788604,445
FADS3,0.0,174,0.0020737865,341
IRF7,0.0,175,0.0065908814,182
TRHDE,0.0,176,0.00085125637,426
RSPO3,0.0,177,0.004055981,250
TNNT1,0.0,178,0.008075856,157
CELF2,0.0,179,0.0,503
ACADL,0.0,180,0.0015522636,371
GABARAPL1,0.0,181,0.001786161,358
DPT,0.0,182,0.00049877074,467
BHMT2,0.0,183,0.0036981793,264
KRT19,0.0,184,0.00020903168,489
IGSF10,0.0,185,0.006651309,181
PLXNA4,0.0,186,0.012258762,104
MTURN,0.0,187,0.0030074632,293
AKR1C3,0.0,188,0.0067703705,177
CACNA2D1,0.0,189,0.0066749733,179
CHRDL1,0.0,190,0.0020465266,343
PFKFB3,0.0,191,0.0007250518,439
PCK1,0.0,192,0.0044290177,241
FOLR2,0.0,193,0.0015257724,375
RBPMS2,0.0,194,0.0010474768,406
ZEB2,0.0,195,0.0,514
HOTAIR,0.0,196,0.0038643752,257
CHTF18,0.0,197,0.0068338104,174
ACO1,0.0,198,0.0034684865,269
TYMP,0.0,199,0.0003333239,481
PC,0.0,200,0.00243196,325
CPM,0.0,201,0.0055102,208
FERMT2,0.0,202,0.0021348642,336
DAAM2,0.0,203,0.000968076,414
DOCK11,0.0,204,0.0008065634,431
CRYBG3,0.0,205,0.00028026322,484
MMD,0.0,206,0.011172737,117
MRC1,0.0,207,0.001945899,348
HOXC10,0.0,208,0.0035279153,268
SPP1,0.0,209,0.0063781864,189
TMEM37,0.0,210,0.0023777788,327
MYEOV,0.0,211,0.005956573,196
CEBPA,0.0,212,0.0048487145,224
SBK1,0.0,213,0.0057718353,200
HSD11B1,0.0,214,0.0025084752,319
LLGL2,0.0,215,0.0013395848,388
SPTBN1,0.0,216,0.005516983,207
TUFT1,0.0,217,0.004022709,252
GPAM,0.0,218,0.0025040826,320
EMX2,0.0,219,0.0017673492,360
LPL,0.0,220,0.0009916833,413
CST6,0.0,221,0.0055061425,209
ACSS2,0.0,222,0.0033834695,274
FN1,0.0,223,0.0027853856,305
AIFM2,0.0,224,0.0044873036,239
XG,0.0,225,0.0006003689,454
MRAP,0.0,226,0.014907884,92
PDE3B,0.0,227,0.003685325,265
ZNF106,0.0,228,0.0,497
AGPAT2,0.0,229,0.0024836538,323
KLB,0.0,230,0.0033246446,276
SULF1,0.0,231,0.0032058288,281
NAT8L,0.0,232,0.0017653307,361
TMEM170B,0.0,233,0.001696628,364
S100P,0.0,234,0.0010170509,411
S100A14,0.0,235,0.0068494957,173
KIFC2,0.0,236,0.0012188372,396
CAT,0.0,237,0.0015254308,376
FOXO6,0.0,238,0.0025153072,318
P2RY14,0.0,239,0.0008099172,429
IFI6,0.0,240,0.020656282,74
C15orf48,0.0,241,0.003099499,288
GYG2,0.0,242,0.0065594446,183
MEST,0.0,243,0.0027844412,306
IGSF9,0.0,244,0.010496631,123
ISG15,0.0,245,0.0005907747,457
RBP4,0.0,246,0.0010190903,410
CRABP2,0.0,247,0.002403846,326
SIM1,0.0,248,0.0034387624,271
PKDCC,0.0,249,0.0015437102,372
ADAMTS5,0.0,250,0.0019965724,345
TMTC1,0.0,251,0.005244302,216
DDR2,0.0,252,0.0008134478,428
NPR3,0.0,253,0.005026996,221
PPARG,0.0,254,0.0003996674,475
PYCARD,0.0,255,0.0031705191,282
RGL1,0.0,256,0.008143867,153
VIT,0.0,257,0.001219032,395
SGCG,0.0,258,0.00791343,159
COMP,0.0,259,0.00312299,285
ALDOC,0.0,260,0.0073835314,166
LGALS12,0.0,261,0.0018718583,353
ALPK3,0.0,262,0.0027117827,307
GIMAP6,0.0,263,0.00014836443,493
PCDH18,0.0,264,0.00048457857,468
CCDC69,0.0,265,0.0006951866,444
SLC16A7,0.0,266,0.0,505
MEDAG,0.0,267,0.00081404153,427
RHOXF1,0.0,268,0.0018925086,351
RASD1,0.0,269,0.00058633066,459
CLMP,0.0,270,0.0007241759,441
SLC39A4,0.0,271,0.003125428,284
GPC3,0.0,272,0.0014224673,382
MME,0.0,273,0.0,504
RUSC1,0.0,274,0.031716604,52
ANGPTL2,0.0,275,0.00021099595,488
MYZAP,0.0,276,0.0036301885,266
ENO2,0.0,277,0.003996067,254
TLN2,0.0,278,0.014794276,93
SEL1L2,0.0,279,0.0016862578,366
LIPE-AS1,0.0,280,0.0017484188,363
LEP,0.0,281,0.008234388,152
PRKAR2B,0.0,282,0.001692463,365
ALDH2,0.0,283,0.002683342,308
MX1,0.0,284,0.0032842527,278
KLHL31,0.0,285,0.00093220174,420
PAFAH1B3,0.0,286,0.013614969,96
ABCD2,0.0,287,0.0014163189,383
GPX3,0.0,288,0.0004102236,474
ERP27,0.0,289,0.010788592,121
DMRT2,0.0,290,0.0033769703,275
EFEMP1,0.0,291,0.00032040107,482
LINC00968,0.0,292,0.0016845188,367
PCDH9,0.0,293,0.00091169676,423
MLXIPL,0.0,294,0.001052678,405
EGLN3,0.0,295,0.013473253,98
RBPMS-AS1,0.0,296,0.0061049303,193
KCNB1,0.0,297,0.0026057188,312
RASGRP1,0.0,298,0.0023337416,330
SLC7A10,0.0,299,0.00079413434,433
PLA2G2A,0.0,300,0.004545508,235
APCDD1,0.0,301,0.0031016525,287
TPD52,0.0,302,0.03723224,43
HLF,0.0,303,0.018708505,79
MFAP4,0.0,304,0.007843297,160
TYRO3,0.0,305,0.0030089766,292
ANXA1,0.0,306,0.0045529255,234
RMI2,0.0,307,0.0006392233,449
PLAGL1,0.0,308,0.008098696,155
DDX39A,0.0,309,0.018986704,77
TJP3,0.0,310,0.0073237265,168
RGN,0.0,311,0.027978,57
CLGN,0.0,312,0.049296897,29
HMGB3,0.0,313,0.011592134,109
TOX3,0.0,314,0.004012591,253
TCEAL7,0.0,315,0.0054959906,210
C1QTNF7,0.0,316,0.0059238686,197
GPIHBP1,0.0,317,0.007799228,163
MARCO,0.0,318,0.011492166,114
ZCCHC24,0.0,319,0.0025676014,315
PKIB,0.0,320,0.002155301,334
UHRF1,0.0,321,0.0046168272,230
CENPM,0.0,322,0.0036143926,267
ESRP1,0.0,323,0.0070733903,171
SYNM,0.0,324,0.028247375,56
TK1,0.0,325,0.0037660163,261
SEMA3G,0.0,326,0.005281504,215
ATP1A2,0.0,327,0.0028281265,301
CENPK,0.0,328,0.024286617,65
LINC01140,0.0,329,0.00034052672,479
MCM2,0.0,330,0.003792547,260
SPRY2,0.0,331,0.055978417,25
NIPSNAP3B,0.0,332,0.0,498
MT1X,0.0,333,0.014104128,94
CASQ2,0.0,334,0.002168297,333
GNAI1,0.0,335,0.0016412635,368
RNF150,0.0,336,0.00030743738,483
NPY1R,0.0,337,0.21885452,4
SQLE,0.0,338,0.011587528,110
APOBEC3B,0.0,339,0.004335611,243
MAMDC2,0.0,340,0.1003518,12
VLDLR,0.0,341,0.016748441,84
LAMA2,0.0,342,0.001802443,356
FGF2,0.0,343,0.030022603,53
NMB,0.0,344,0.0044904547,237
RETSAT,0.0,345,0.018782578,78
PPP1R14B,0.0,346,0.007583993,164
PDE2A,0.0,347,0.00646096,186
TMEM220,0.0,348,0.00035264605,477
EMCN,0.0,349,0.0003676927,476
CLIP4,0.0,350,0.008667539,148
SORD,0.0,351,0.019780923,75
JAM2,0.0,352,0.0067882673,176
EPN3,0.0,353,0.011060832,118
TSLP,0.0,354,0.060583908,20
GALNT6,0.0,355,0.036091544,45
S100B,0.0,356,0.0034568193,270
CDKN1C,0.0,357,0.009155387,137
AGR2,0.0,358,0.03927108,38
KPNA2,0.0,359,0.015029491,91
EZH2,0.0,360,0.0025786106,313
TFF1,0.0,361,0.03529739,46
SLC16A6,0.0,362,0.08117899,14
SFRP1,0.0,363,0.27193877,2
ASPM,0.0,364,0.010004009,130
DEGS2,0.0,365,0.045453016,32
STIL,0.0,366,0.012767995,100
RAD51AP1,0.0,367,0.0045389347,236
SLC39A6,0.0,368,0.16328564,7
CDCA3,0.0,369,0.013529782,97
KIF18B,0.0,370,0.048194803,30
FOXA1,0.0,371,0.2561495,3
CA12,0.0,372,0.07986358,16
MLPH,0.0,373,0.2796889,1
DLGAP5,0.0,374,0.021589702,69
FOXM1,0.0,375,0.01851392,80
NCAPG,0.0,376,0.017095689,83
AURKA,0.0,377,0.09115342,13
ORC6,0.0,378,0.03840397,41
GATA3,0.0,379,0.10310309,11
NDC80,0.0,380,0.027156945,62
TTK,0.0,381,0.037333086,42
GINS1,0.0,382,0.023848576,66
CYP2B7P,0.0,383,0.11664334,10
SCN4B,0.0,384,0.020728873,73
BUB1B,0.0,385,0.0017715626,359
ZBTB16,0.0,386,0.004487845,238
NMT2,0.0,387,0.0048416723,225
SLC9A3R1,0.0,388,0.011391865,115
DTL,0.0,389,0.029985497,54
NPNT,0.0,390,0.015770234,89
CREB3L4,0.0,391,0.05710606,23
DEFB132,0.0,392,0.0067626974,178
PBK,0.0,393,0.001989467,346
PSRC1,0.0,394,0.009143629,139
CKS2,0.0,395,0.0050811428,219
SOX11,0.0,396,0.05609629,24
STARD10,0.0,397,0.008832626,145
ZWINT,0.0,398,0.02782582,60
ATAD2,0.0,399,0.019284075,76
RSPH1,0.0,400,0.011828183,107
TSPAN1,0.0,401,0.010487241,124
CDC7,0.0,402,0.009166644,136
RACGAP1,0.0,403,0.0007917962,435
SPDEF,0.0,404,0.059536863,21
DNAJC12,0.0,405,0.018465538,81
SPAG5,0.0,406,0.017677305,82
KIF11,0.0,407,0.000507476,466
PTTG1,0.0,408,0.008759149,146
PAMR1,0.0,409,0.010845611,120
ACACB,0.0,410,0.0028706908,298
TF,0.0,411,0.0066662524,180
DCN,0.0,412,0.0,510
ARNT2,0.0,413,0.0047881105,226
EPB41L2,0.0,414,0.0,499
MICU3,0.0,415,0.0063543296,190
MYOM1,0.0,416,0.0032258225,280
GALNT15,0.0,417,0.00020605186,490
CALML5,0.0,418,0.032266144,50
TPX2,0.0,419,0.044672318,33
FBLN5,0.0,420,0.00063458935,451
ECM2,0.0,421,0.008088945,156
SLC12A8,0.0,422,0.0053478,214
CXCL12,0.0,423,0.0017579753,362
RHOQ,0.0,424,0.028392866,55
FOS,0.0,425,0.0041306904,248
PGM5-AS1,0.0,426,0.0012035422,399
MIR100HG,0.0,427,0.00986894,131
MAP1LC3C,0.0,428,0.0063856062,188
CFD,0.0,429,0.0057787946,199
ALDH1L1,0.0,430,0.005159896,217
CDH5,0.0,431,0.0029907585,294
EGFLAM,0.0,432,0.004748359,227
PCSK5,0.0,433,0.0015687252,370
MBNL1-AS1,0.0,434,0.00045851138,471
SCD,0.0,435,0.008101873,154
LRRN3,0.0,436,0.0012115914,397
SLITRK6,0.0,437,0.010111174,127
CAV2,0.0,438,0.00935829,134
PLIN4,0.0,439,0.002118542,337
BMPER,0.0,440,0.0054508466,212
CA4,0.0,441,0.0025208176,317
FOXO1,0.0,442,0.0015165798,377
PALMD,0.0,443,0.013136216,99
DTX1,0.0,444,0.0038275742,258
ENPP2,0.0,445,0.000554243,462
PTPRM,0.0,446,0.0030328624,291
TGFBR3,0.0,447,0.005606134,203
NPR1,0.0,448,0.0005800937,460
MSRB3,0.0,449,0.0,508
HOXA5,0.0,450,0.07328058,18
MEOX2,0.0,451,0.005914063,198
WASF3,0.0,452,0.006194422,192
SPX,0.0,453,0.0029758061,295
EBF1,0.0,454,0.00045416184,472
MCAM,0.0,455,0.0012984895,391
THRSP,0.0,456,0.016359132,86
SORBS1,0.0,457,0.0,516
HBB,0.0,458,0.007930586,158
ZFP36,0.0,459,0.004974536,223
CHL1,0.0,460,0.0020920914,340
TLCD1,0.0,461,0.0046078037,232
FOSB,0.0,462,0.00064605253,448
EDNRB,0.0,463,0.051957518,27
PLIN1,0.0,464,0.0016096412,369
KANK3,0.0,465,0.0013072012,390
FAM162B,0.0,466,0.0007740462,436
CDO1,0.0,467,0.0014912365,380
AKAP12,0.0,468,0.008359326,151
IGFBP6,0.0,469,0.022587664,68
LARP6,0.0,470,0.059053972,22
SLC52A2,0.0,471,0.0041491184,246
IL33,0.0,472,0.026283022,63
ITIH5,0.0,473,0.0013866164,385
MAOA,0.0,474,0.0085922135,149
BMPR1B,0.0,475,0.0050019263,222
GSTM5,0.0,476,0.0023742337,328
CORO2B,0.0,477,0.003061183,290
ACSM5,0.0,478,0.009013787,142
NDN,0.0,479,0.0012114142,398
MRGPRF,0.0,480,0.01158618,111
THSD7B,0.0,481,0.002797344,304
GNG11,0.0,482,0.0,515
TRIM59,0.0,483,0.012144541,106
FZD4,0.0,484,0.0028169428,302
FBXL16,0.0,485,0.007162748,169
GPRC5A,0.0,486,0.0044205384,242
MUC1,0.0,487,0.0007243683,440
ACKR1,0.0,488,0.015780888,88
TMOD1,0.0,489,0.038812235,40
PPP1R14A,0.0,490,0.031833198,51
MOCS1,0.0,491,0.0038134619,259
ROGDI,0.0,492,0.0025628544,316
CEACAM6,0.0,493,0.005158602,218
SYNPO2,0.0,494,0.011822574,108
ADAMTS1,0.0,495,0.0065364093,184
TMEM100,0.0,496,0.0053900103,213
ADRB2,0.0,497,0.0050458573,220
TXNIP,0.0,498,0.0006358676,450
EGR1,0.0,499,0.0020407727,344
EBF3,0.0,500,0.0014966588,378
ITM2A,0.0,501,0.032547984,49
CALB2,0.0,502,0.0005972031,455
CFB,0.0,503,0.04588118,31
MEIS2,0.0,504,0.009347714,135
PCOLCE2,0.0,505,0.0007671094,437
FAM13A,0.0,506,0.0039870837,255
P2RY12,0.0,507,0.009035586,140
CCDC178,0.0,508,0.0018302252,355
LIPE,0.0,509,0.00079405174,434
MT1M,0.0,510,0.080026425,15
FMO2,0.0,511,0.0071032136,170
LSR,0.0,512,0.010291425,126
CREB5,0.0,513,0.00067388004,446
ME1,0.0,514,0.0078314915,162
F3,0.0,515,0.04371372,36
ANO3,0.0,516,0.002094446,338
