gene,tabnet_importance,tabnet_rank
PLAC9,0.0755538037609215,1
FABP4,0.06839478108311225,2
MAGI2-AS3,0.06190332783908468,3
ABCA6,0.06115867592264357,4
CEP55,0.058458457009577566,5
TOP2A,0.05117198992924271,6
G0S2,0.045433905087064574,7
CCNB1,0.03555821829287578,8
MYBL2,0.0355033007295411,9
CPED1,0.03272785276377008,10
CDC20,0.03038110890659973,11
KIF20A,0.022976698357448047,12
TMEM132C,0.021655159432528135,13
BMP2,0.020477765944290353,14
RAB26,0.019628862766229868,15
UBE2C,0.01949750513570567,16
ZNF703,0.018565672727166808,17
COL10A1,0.018005235869018688,18
NAT1,0.014649656682811991,19
PRR15,0.01295654497565302,20
TSPAN13,0.012897515514387038,21
PROS1,0.012313256993694408,22
C14orf180,0.012048075924667537,23
CENPF,0.01159156168248128,24
CCDC80,0.010917418402657279,25
CXCL10,0.010009504225873767,26
IGF1,0.009301542828130758,27
BGN,0.008650291782244812,28
MGLL,0.008191838632825802,29
ITGA7,0.007825146268726527,30
S1PR1,0.007818679144835732,31
ADH1B,0.006754858823597069,32
SLC29A4,0.006709537146593909,33
MFAP2,0.006457366862066816,34
ANLN,0.006345024100481101,35
COL1A2,0.006126349327554083,36
COL11A1,0.006057849929279554,37
KIF4A,0.005589396511442473,38
KIF23,0.005144658963831597,39
MEOX1,0.005059895995685375,40
GHR,0.004884944894563952,41
CXCL9,0.004514548832297355,42
CA3,0.004457181929388825,43
OGN,0.004270884383455988,44
SLIT3,0.004247707198496306,45
STX11,0.0041229458661275805,46
LMNB1,0.0038768333594864333,47
SAPCD2,0.0038414314175022717,48
CNRIP1,0.003608125092741424,49
FGFBP2,0.0035150830167043376,50
HOXA7,0.003437980956081872,51
SMIM22,0.00328544510156478,52
SDC1,0.003229317745136622,53
CKMT2,0.003138378419538206,54
ASPA,0.0030947423741030915,55
MMP9,0.0029301077059745713,56
LDHD,0.0027600199093037515,57
NRN1,0.0025831397575176067,58
PDK4,0.0025570512261238578,59
ANGPTL1,0.002286981341463673,60
MAPK10,0.002166106779255339,61
ABCA8,0.002086615741872612,62
ACVR1C,0.0019938418919793277,63
CAV1,0.0019544017588581245,64
CD248,0.0019477660945244446,65
RRM2,0.001914749205338537,66
MMP28,0.001728504502579755,67
UBE2T,0.0016896215438487313,68
COL6A6,0.0016187544109106918,69
C2CD2,0.0015131526186695694,70
TRHDE-AS1,0.001508458656538631,71
TMEM97,0.001449508050212186,72
RECQL4,0.0012953840102062708,73
GYPC,0.0011721446669206367,74
MFAP5,0.0011672528759276337,75
FAM83D,0.0010013113762385895,76
EMP1,0.0009674600818650493,77
CCDC3,0.0008932148300499023,78
FANCI,0.0008020779188205106,79
LRRC15,0.0007775177598765294,80
BIN1,0.0007288498368413763,81
AGR3,0.0005943013040612733,82
TFF3,0.0005722398707614906,83
KRT18,0.0005443124901635693,84
FAM83H,0.0005439767334548915,85
APOLD1,0.00047901661256217375,86
TRIP13,0.00047158330306335466,87
AKR1C1,0.00043155013766712786,88
NUF2,0.00042155851868386955,89
FHL1,0.0004148308294990367,90
RGS2,0.0004121528784442463,91
EHD2,0.00038647219425361066,92
GPR34,0.00034842417293421763,93
LRRN4CL,0.00033014582083603565,94
CIDEA,0.00028423015423268647,95
LAMP3,0.0002785172539191116,96
MELK,0.0002637058745573697,97
PLSCR4,0.00021505815013530194,98
VGLL3,0.00020038599475421913,99
TNS1,0.00018418600205618194,100
ZG16B,0.00016700444411871219,101
KRT8,0.00010570479159290238,102
ARHGAP20,9.772740136471132e-05,103
ADH1C,9.620725504346718e-05,104
BIK,8.023085934649615e-05,105
C6,7.764509967449833e-05,106
MTCL1,7.487072653432847e-05,107
KL,7.09482041801386e-05,108
AOC3,6.914581962241274e-05,109
SH3D19,6.221568088487313e-05,110
NR3C1,4.512762984101148e-05,111
MRAS,4.4661153981611334e-05,112
CLDN5,3.98862557072344e-05,113
AADAC,3.227295261411507e-05,114
CRYAB,1.559034561686801e-05,115
GDF10,1.4960857118290362e-05,116
DGAT2,1.0495725684781779e-05,117
COX7A1,1.0273650504949807e-05,118
MMP1,5.570929164492825e-06,119
ACKR4,4.492764841815424e-06,120
TIMP4,3.6884178745085306e-06,121
CD36,3.435125553164152e-06,122
INMT,1.5006151906657587e-06,123
RBP7,1.2800788422849043e-06,124
HOGA1,5.772822374306546e-07,125
SLC7A5,2.2157449573662422e-10,126
SH3BGRL2,0.0,127
TNMD,0.0,128
SGK2,0.0,129
S100A7,0.0,130
KLF4,0.0,131
SIK2,0.0,132
PAQR4,0.0,133
SLC19A3,0.0,134
F8,0.0,135
ADIPOQ,0.0,136
GLYAT,0.0,137
ANGPT1,0.0,138
SCARA5,0.0,139
SSPN,0.0,140
LYVE1,0.0,141
FGF14-AS2,0.0,142
NNAT,0.0,143
ANGPTL4,0.0,144
ALDH1A1,0.0,145
IL6,0.0,146
MB,0.0,147
FAM149A,0.0,148
TWIST2,0.0,149
CD24,0.0,150
RGCC,0.0,151
HSPB7,0.0,152
FAT4,0.0,153
PYGM,0.0,154
TBX15,0.0,155
ADHFE1,0.0,156
CIDEC,0.0,157
MYH1,0.0,158
NR3C2,0.0,159
CFL2,0.0,160
ACSL1,0.0,161
GJB2,0.0,162
GPR146,0.0,163
SRPX,0.0,164
PRELP,0.0,165
MYOC,0.0,166
PPP1R1A,0.0,167
AOX1,0.0,168
HCAR3,0.0,169
GPD1,0.0,170
POSTN,0.0,171
AP1M2,0.0,172
RDH5,0.0,173
FADS3,0.0,174
IRF7,0.0,175
TRHDE,0.0,176
RSPO3,0.0,177
TNNT1,0.0,178
CELF2,0.0,179
ACADL,0.0,180
GABARAPL1,0.0,181
DPT,0.0,182
BHMT2,0.0,183
KRT19,0.0,184
IGSF10,0.0,185
PLXNA4,0.0,186
MTURN,0.0,187
AKR1C3,0.0,188
CACNA2D1,0.0,189
CHRDL1,0.0,190
PFKFB3,0.0,191
PCK1,0.0,192
FOLR2,0.0,193
RBPMS2,0.0,194
ZEB2,0.0,195
HOTAIR,0.0,196
CHTF18,0.0,197
ACO1,0.0,198
TYMP,0.0,199
PC,0.0,200
CPM,0.0,201
FERMT2,0.0,202
DAAM2,0.0,203
DOCK11,0.0,204
CRYBG3,0.0,205
MMD,0.0,206
MRC1,0.0,207
HOXC10,0.0,208
SPP1,0.0,209
TMEM37,0.0,210
MYEOV,0.0,211
CEBPA,0.0,212
SBK1,0.0,213
HSD11B1,0.0,214
LLGL2,0.0,215
SPTBN1,0.0,216
TUFT1,0.0,217
GPAM,0.0,218
EMX2,0.0,219
LPL,0.0,220
CST6,0.0,221
ACSS2,0.0,222
FN1,0.0,223
AIFM2,0.0,224
XG,0.0,225
MRAP,0.0,226
PDE3B,0.0,227
ZNF106,0.0,228
AGPAT2,0.0,229
KLB,0.0,230
SULF1,0.0,231
NAT8L,0.0,232
TMEM170B,0.0,233
S100P,0.0,234
S100A14,0.0,235
KIFC2,0.0,236
CAT,0.0,237
FOXO6,0.0,238
P2RY14,0.0,239
IFI6,0.0,240
C15orf48,0.0,241
GYG2,0.0,242
MEST,0.0,243
IGSF9,0.0,244
ISG15,0.0,245
RBP4,0.0,246
CRABP2,0.0,247
SIM1,0.0,248
PKDCC,0.0,249
ADAMTS5,0.0,250
TMTC1,0.0,251
DDR2,0.0,252
NPR3,0.0,253
PPARG,0.0,254
PYCARD,0.0,255
RGL1,0.0,256
VIT,0.0,257
SGCG,0.0,258
COMP,0.0,259
ALDOC,0.0,260
LGALS12,0.0,261
ALPK3,0.0,262
GIMAP6,0.0,263
PCDH18,0.0,264
CCDC69,0.0,265
SLC16A7,0.0,266
MEDAG,0.0,267
RHOXF1,0.0,268
RASD1,0.0,269
CLMP,0.0,270
SLC39A4,0.0,271
GPC3,0.0,272
MME,0.0,273
RUSC1,0.0,274
ANGPTL2,0.0,275
MYZAP,0.0,276
ENO2,0.0,277
TLN2,0.0,278
SEL1L2,0.0,279
LIPE-AS1,0.0,280
LEP,0.0,281
PRKAR2B,0.0,282
ALDH2,0.0,283
MX1,0.0,284
KLHL31,0.0,285
PAFAH1B3,0.0,286
ABCD2,0.0,287
GPX3,0.0,288
ERP27,0.0,289
DMRT2,0.0,290
EFEMP1,0.0,291
LINC00968,0.0,292
PCDH9,0.0,293
MLXIPL,0.0,294
EGLN3,0.0,295
RBPMS-AS1,0.0,296
KCNB1,0.0,297
RASGRP1,0.0,298
SLC7A10,0.0,299
PLA2G2A,0.0,300
APCDD1,0.0,301
TPD52,0.0,302
HLF,0.0,303
MFAP4,0.0,304
TYRO3,0.0,305
ANXA1,0.0,306
RMI2,0.0,307
PLAGL1,0.0,308
DDX39A,0.0,309
TJP3,0.0,310
RGN,0.0,311
CLGN,0.0,312
HMGB3,0.0,313
TOX3,0.0,314
TCEAL7,0.0,315
C1QTNF7,0.0,316
GPIHBP1,0.0,317
MARCO,0.0,318
ZCCHC24,0.0,319
PKIB,0.0,320
UHRF1,0.0,321
CENPM,0.0,322
ESRP1,0.0,323
SYNM,0.0,324
TK1,0.0,325
SEMA3G,0.0,326
ATP1A2,0.0,327
CENPK,0.0,328
LINC01140,0.0,329
MCM2,0.0,330
SPRY2,0.0,331
NIPSNAP3B,0.0,332
MT1X,0.0,333
CASQ2,0.0,334
GNAI1,0.0,335
RNF150,0.0,336
NPY1R,0.0,337
SQLE,0.0,338
APOBEC3B,0.0,339
MAMDC2,0.0,340
VLDLR,0.0,341
LAMA2,0.0,342
FGF2,0.0,343
NMB,0.0,344
RETSAT,0.0,345
PPP1R14B,0.0,346
PDE2A,0.0,347
TMEM220,0.0,348
EMCN,0.0,349
CLIP4,0.0,350
SORD,0.0,351
JAM2,0.0,352
EPN3,0.0,353
TSLP,0.0,354
GALNT6,0.0,355
S100B,0.0,356
CDKN1C,0.0,357
AGR2,0.0,358
KPNA2,0.0,359
EZH2,0.0,360
TFF1,0.0,361
SLC16A6,0.0,362
SFRP1,0.0,363
ASPM,0.0,364
DEGS2,0.0,365
STIL,0.0,366
RAD51AP1,0.0,367
SLC39A6,0.0,368
CDCA3,0.0,369
KIF18B,0.0,370
FOXA1,0.0,371
CA12,0.0,372
MLPH,0.0,373
DLGAP5,0.0,374
FOXM1,0.0,375
NCAPG,0.0,376
AURKA,0.0,377
ORC6,0.0,378
GATA3,0.0,379
NDC80,0.0,380
TTK,0.0,381
GINS1,0.0,382
CYP2B7P,0.0,383
SCN4B,0.0,384
BUB1B,0.0,385
ZBTB16,0.0,386
NMT2,0.0,387
SLC9A3R1,0.0,388
DTL,0.0,389
NPNT,0.0,390
CREB3L4,0.0,391
DEFB132,0.0,392
PBK,0.0,393
PSRC1,0.0,394
CKS2,0.0,395
SOX11,0.0,396
STARD10,0.0,397
ZWINT,0.0,398
ATAD2,0.0,399
RSPH1,0.0,400
TSPAN1,0.0,401
CDC7,0.0,402
RACGAP1,0.0,403
SPDEF,0.0,404
DNAJC12,0.0,405
SPAG5,0.0,406
KIF11,0.0,407
PTTG1,0.0,408
PAMR1,0.0,409
ACACB,0.0,410
TF,0.0,411
DCN,0.0,412
ARNT2,0.0,413
EPB41L2,0.0,414
MICU3,0.0,415
MYOM1,0.0,416
GALNT15,0.0,417
CALML5,0.0,418
TPX2,0.0,419
FBLN5,0.0,420
ECM2,0.0,421
SLC12A8,0.0,422
CXCL12,0.0,423
RHOQ,0.0,424
FOS,0.0,425
PGM5-AS1,0.0,426
MIR100HG,0.0,427
MAP1LC3C,0.0,428
CFD,0.0,429
ALDH1L1,0.0,430
CDH5,0.0,431
EGFLAM,0.0,432
PCSK5,0.0,433
MBNL1-AS1,0.0,434
SCD,0.0,435
LRRN3,0.0,436
SLITRK6,0.0,437
CAV2,0.0,438
PLIN4,0.0,439
BMPER,0.0,440
CA4,0.0,441
FOXO1,0.0,442
PALMD,0.0,443
DTX1,0.0,444
ENPP2,0.0,445
PTPRM,0.0,446
TGFBR3,0.0,447
NPR1,0.0,448
MSRB3,0.0,449
HOXA5,0.0,450
MEOX2,0.0,451
WASF3,0.0,452
SPX,0.0,453
EBF1,0.0,454
MCAM,0.0,455
THRSP,0.0,456
SORBS1,0.0,457
HBB,0.0,458
ZFP36,0.0,459
CHL1,0.0,460
TLCD1,0.0,461
FOSB,0.0,462
EDNRB,0.0,463
PLIN1,0.0,464
KANK3,0.0,465
FAM162B,0.0,466
CDO1,0.0,467
AKAP12,0.0,468
IGFBP6,0.0,469
LARP6,0.0,470
SLC52A2,0.0,471
IL33,0.0,472
ITIH5,0.0,473
MAOA,0.0,474
BMPR1B,0.0,475
GSTM5,0.0,476
CORO2B,0.0,477
ACSM5,0.0,478
NDN,0.0,479
MRGPRF,0.0,480
THSD7B,0.0,481
GNG11,0.0,482
TRIM59,0.0,483
FZD4,0.0,484
FBXL16,0.0,485
GPRC5A,0.0,486
MUC1,0.0,487
ACKR1,0.0,488
TMOD1,0.0,489
PPP1R14A,0.0,490
MOCS1,0.0,491
ROGDI,0.0,492
CEACAM6,0.0,493
SYNPO2,0.0,494
ADAMTS1,0.0,495
TMEM100,0.0,496
ADRB2,0.0,497
TXNIP,0.0,498
EGR1,0.0,499
EBF3,0.0,500
ITM2A,0.0,501
CALB2,0.0,502
CFB,0.0,503
MEIS2,0.0,504
PCOLCE2,0.0,505
FAM13A,0.0,506
P2RY12,0.0,507
CCDC178,0.0,508
LIPE,0.0,509
MT1M,0.0,510
FMO2,0.0,511
LSR,0.0,512
CREB5,0.0,513
ME1,0.0,514
F3,0.0,515
ANO3,0.0,516
